Gender,Weight,Height,ActivityLevel,CreatineDosage,CreatinePhase,Weather,BMI,WaterIntake
Male,92,1.88497842317634,Low,7.8,Maintenance,Cold,25.89256413789464,3220
Male,83,1.5261067715679406,Moderate,4.2,Loading,Moderate,35.63758396933458,3555
Male,120,1.7547032616545306,High,7.2,Maintenance,Moderate,38.97390115243252,4750
Male,52,1.528572966043935,High,6.9,Maintenance,Hot,22.255174026841093,2520
Male,51,1.9172190776386802,Moderate,9.9,Loading,Moderate,13.87479874487267,2435
Male,55,1.78868626446421,High,5.9,Loading,Cold,17.1907310372065,2625
Female,86,1.7215573653648915,Moderate,5.6,Maintenance,Moderate,29.017196702522327,3360
Female,105,1.7162917363951642,High,5.1,Maintenance,Moderate,35.64569413067561,4225
Female,81,1.5519209832923284,Moderate,7.3,Maintenance,Hot,33.631466758853904,3335
Female,81,1.615954359568093,Moderate,4.5,Loading,Moderate,31.018931789073044,3485
Female,60,1.734941807247915,Low,5.5,Maintenance,Cold,19.933402008632743,2100
Female,87,1.5387115083415153,High,5.2,Loading,Cold,36.74555816232883,3745
Female,90,1.6653943407191982,Moderate,3.1,Loading,Cold,32.44952473606546,3650
Female,88,1.5677579612280959,Low,9.3,Maintenance,Hot,35.80343066243522,3380
Male,80,1.9389537442823745,Moderate,7.0,Loading,Cold,21.279189867703046,3300
Female,95,1.981488827027617,Low,5.4,Maintenance,Cold,24.195820257735818,3325
Male,86,1.7870654256273413,Moderate,4.4,Loading,Cold,26.928833806371735,3510
Female,113,1.5373703422294036,Low,8.2,Loading,Hot,47.8102974892724,4555
Female,63,1.859479400668225,Moderate,7.3,Loading,Hot,18.220395773516312,3005
Male,100,1.741833388609856,Moderate,4.9,Loading,Moderate,32.95996772257914,4150
Male,105,1.5709609917835112,Low,8.8,Loading,Moderate,42.54597655894357,4125
Female,115,1.7798839103188757,Low,4.6,Loading,Hot,36.30065705707713,4625
Male,105,1.9540307812046738,Moderate,8.2,Loading,Hot,27.499607650756328,4475
Male,86,1.7697705336694192,High,8.4,Maintenance,Moderate,27.45772375755767,3560
Female,53,1.742694936245891,High,7.0,Loading,Moderate,17.451514846721793,2705
Male,69,1.518098133363914,Low,6.2,Loading,Hot,29.939834697773378,3015
Female,52,1.6547327157312082,High,8.4,Maintenance,Moderate,18.99099138595371,2370
Male,99,1.8188429885061246,High,3.9,Loading,Cold,29.925731436604337,4165
Male,106,1.8075467218226873,Low,9.4,Maintenance,Cold,32.443432907891506,3710
Female,94,1.993839223533654,High,6.8,Loading,Cold,23.645449964931522,3990
Female,79,1.8977569529890381,Moderate,7.8,Maintenance,Cold,21.935417699449168,2965
Female,51,1.6106120550108296,Low,6.0,Loading,Hot,19.660216019618634,2385
Female,87,1.6677552375930405,Low,6.4,Maintenance,Hot,31.279127198310018,3345
Male,70,1.6041488749509574,High,5.2,Maintenance,Hot,27.202492419128895,3150
Male,76,1.6413013001036134,Low,9.1,Maintenance,Hot,28.21220073454203,2960
Female,86,1.6067537034312638,Low,8.7,Loading,Cold,33.31193282463531,3310
Female,116,1.8099783153536968,High,9.9,Loading,Cold,35.40880300309094,4760
Female,116,1.9434182965274343,Low,5.6,Maintenance,Hot,30.71322455026236,4360
Male,50,1.934640255667922,Low,6.4,Loading,Cold,13.358865085367325,2050
Female,67,1.5012434363593894,High,3.7,Maintenance,Moderate,29.728470068455934,2895
Female,71,1.7283957619804888,Low,4.4,Maintenance,Hot,23.76686849700166,2785
Female,107,1.5073581977848463,Moderate,3.7,Loading,Cold,47.092402065280204,4245
Male,118,1.943198451548021,Low,5.9,Loading,Cold,31.249832643750587,4430
Male,68,1.6316109371719578,High,5.3,Maintenance,Moderate,25.54322312178516,2930
Female,94,1.7731716119346055,Low,6.8,Loading,Cold,29.896910693510065,3590
Female,101,1.670159675517178,Moderate,9.8,Loading,Hot,36.20807082544949,4335
Male,93,1.9205870321994585,High,9.1,Loading,Moderate,25.212445021194274,4105
Male,52,1.8639779201206372,High,5.6,Maintenance,Moderate,14.966553982646404,2370
Female,92,1.7614613357470106,Moderate,4.7,Maintenance,Cold,29.651153814419136,3420
Female,119,1.5948941487641504,High,4.6,Loading,Hot,46.782479064598235,5165
Male,57,1.7214721973222038,High,3.2,Loading,Moderate,19.234231092863944,2845
Female,53,1.5731239322043904,Moderate,7.3,Maintenance,Moderate,21.41657376517041,2205
Male,66,1.6227665350168914,Moderate,3.6,Maintenance,Moderate,25.062930482045957,2660
Male,105,1.6621900872370015,High,4.2,Loading,Cold,38.00387868594234,4375
Male,62,1.8597171917349367,Low,3.8,Maintenance,Cold,17.926597926129364,2170
Female,62,1.8802603309667096,Low,6.7,Maintenance,Cold,17.537016976009255,2170
Female,57,1.5540749092955448,Low,8.6,Maintenance,Hot,23.601030065149374,2295
Male,95,1.7322137673783817,Moderate,7.5,Loading,Moderate,31.660708797805324,3975
Male,98,1.6928376774573337,Low,8.5,Loading,Cold,34.19758538669854,3730
Female,71,1.6226287245327655,Low,9.9,Maintenance,Hot,26.966217255764896,2785
Female,114,1.6267422528783344,Low,4.0,Maintenance,Hot,43.07917295830213,4290
Female,84,1.6239961710862705,Low,8.1,Maintenance,Hot,31.84998881309474,3240
Male,74,1.5796809106551217,High,7.8,Loading,Hot,29.654662088843388,3590
Male,88,1.9453844043986197,Moderate,4.5,Loading,Hot,23.252615607353988,3880
Female,118,1.7135157843828523,Moderate,9.9,Maintenance,Hot,40.18886938547409,4630
Male,52,1.9885724128266369,Low,5.5,Loading,Moderate,13.149841653178699,2270
Female,55,1.5916420270165887,Low,9.7,Maintenance,Hot,21.71060336987337,2225
Female,84,1.6466542794598484,High,6.8,Loading,Cold,30.979501970706764,3640
Female,118,1.7308693471463203,Low,7.8,Maintenance,Hot,39.38704811747601,4430
Male,53,1.974266615296854,Low,3.8,Loading,Hot,13.59766276995533,2455
Male,97,1.6896762461635408,High,6.2,Maintenance,Hot,33.975412388842635,4095
Female,114,1.8305424878510344,Moderate,7.6,Maintenance,Moderate,34.02085502461963,4340
Female,108,1.7415070734883928,High,9.0,Maintenance,Moderate,35.61010628745272,4330
Female,79,1.5337620205806701,Moderate,9.2,Maintenance,Hot,33.582353772999944,3265
Female,81,1.5820187171075353,Moderate,4.8,Loading,Hot,32.36396956449961,3635
Female,61,1.5091871285485623,High,9.4,Maintenance,Hot,26.782039725065093,2835
Female,75,1.7210765761503308,Low,4.0,Maintenance,Hot,25.319835255565167,2925
Female,118,1.8518326115690424,Moderate,3.1,Loading,Hot,34.409515008989715,4930
Male,62,1.5072654948393986,Moderate,5.0,Loading,Hot,27.29054289206207,2970
Male,64,1.5721475778937255,Moderate,5.5,Loading,Cold,25.893654689949894,2740
Male,117,1.892106779479566,High,3.0,Maintenance,Hot,32.68094289753432,4795
Female,107,1.7783289303264516,Low,4.8,Maintenance,Cold,33.83448653909165,3745
Female,59,1.7659496903285945,Moderate,8.5,Maintenance,Moderate,18.91887718004389,2415
Male,113,1.9497368768996044,Moderate,4.4,Maintenance,Cold,29.725312680103055,4155
Male,120,1.782820817018802,Moderate,9.1,Loading,Cold,37.75425050684696,4700
Male,109,1.5160683514759463,High,7.3,Maintenance,Cold,47.42299019713998,4215
Female,67,1.522704740090113,Moderate,7.7,Loading,Moderate,28.896377573075846,2995
Male,118,1.7261247232932568,Moderate,3.1,Loading,Hot,39.60387319488747,4930
Female,53,1.6037830201998737,Low,3.6,Maintenance,Hot,20.60557069537072,2155
Female,95,1.6305956556934063,High,4.1,Loading,Hot,35.7298376988127,4325
Male,118,1.6870500315884192,Low,10.0,Maintenance,Moderate,41.459693070181956,4280
Female,112,1.5822655110423132,Moderate,4.3,Loading,Cold,44.73622140450984,4420
Female,78,1.8428545158042662,Moderate,4.5,Loading,Hot,22.96743523102131,3530
Male,64,1.6975385839127242,Low,4.7,Maintenance,Cold,22.209596345303748,2240
Female,103,1.937555303818071,Moderate,5.5,Loading,Cold,27.436519014584537,4105
Female,101,1.7700452104136792,Moderate,6.8,Maintenance,Cold,32.23685422169398,3735
Female,58,1.5159324768702072,Moderate,8.7,Maintenance,Cold,25.238775411741024,2230
Male,62,1.7521965277992955,Moderate,6.6,Loading,Moderate,20.19417236083992,2820
Female,120,1.544364290184531,Moderate,4.1,Maintenance,Cold,50.31317729026688,4400
Male,89,1.9435428881141916,Moderate,8.9,Loading,Cold,23.56143564617808,3615
Female,57,1.8484903997036644,Moderate,3.9,Loading,Cold,16.681705771713403,2495
Female,50,1.6487375529785906,Low,5.3,Maintenance,Cold,18.393608757213816,1750
Female,67,1.711755329648006,High,3.8,Maintenance,Cold,22.866064553305392,2745
Female,88,1.6705701376628523,Moderate,8.9,Loading,Hot,31.53212535112057,3880
Male,84,1.5789977659988212,Low,5.0,Loading,Hot,33.69118255728462,3540
Male,73,1.8737251356141316,High,3.3,Loading,Hot,20.792709909646693,3555
Female,79,1.846462403720413,Moderate,4.3,Loading,Hot,23.171073386324746,3565
Female,66,1.6351297007459777,Moderate,7.1,Loading,Moderate,24.685363182288114,2960
Female,59,1.7265646628923839,Low,5.7,Maintenance,Hot,19.791846565667587,2365
Female,84,1.9162722517607564,Low,4.6,Maintenance,Cold,22.875198124239322,2940
Male,62,1.9919303638278858,Low,9.6,Loading,Cold,15.625840462530666,2470
Male,77,1.7516265232593813,Low,7.6,Loading,Hot,25.09618457414787,3295
Male,61,1.849727874535829,High,6.1,Loading,Cold,17.828473201308686,2835
Female,106,1.635500201172727,Low,5.7,Loading,Cold,39.62822877314717,4010
Male,92,1.8867086234329153,Moderate,4.9,Loading,Moderate,25.845096522577897,3870
Female,73,1.6725290480756019,Low,8.3,Loading,Hot,26.096094817810908,3155
Female,57,1.6764361516268311,High,3.6,Maintenance,Cold,20.281534957318375,2395
Male,61,1.5706050152314088,Low,5.7,Maintenance,Cold,24.72839191834631,2135
Male,78,1.8920136818770503,High,6.3,Loading,Cold,21.789439430127853,3430
Female,63,1.5437011788127175,Low,4.1,Loading,Cold,26.437116075246852,2505
Male,78,1.689253660337719,Moderate,6.8,Maintenance,Moderate,27.33410544295445,3080
Male,110,1.690991897035511,Low,7.8,Loading,Moderate,38.46888795818892,4300
Male,101,1.9770387898044994,Low,5.7,Loading,Hot,25.839909789047557,4135
Female,65,1.7923503694193401,Moderate,8.5,Loading,Hot,20.233338033881306,3075
Male,80,1.675652428713041,Low,3.8,Maintenance,Cold,28.491945589542407,2800
Male,82,1.7518674259874918,Moderate,9.4,Maintenance,Cold,26.718457218129462,3070
Female,110,1.5775085225182155,High,6.4,Loading,Moderate,44.202746707687304,4700
Female,78,1.9391405355513185,Moderate,8.3,Maintenance,Moderate,20.743213287380204,3080
Male,94,1.6112485311559608,High,3.6,Maintenance,Hot,36.207853939849784,3990
Female,75,1.7258311243624596,Moderate,7.9,Maintenance,Hot,25.18051855147611,3125
Male,100,1.6451930074445915,Moderate,5.7,Loading,Moderate,36.9459033743314,4150
Male,54,1.9498314161131156,Moderate,3.9,Maintenance,Hot,14.203639228057876,2390
Male,110,1.7944442393702924,Low,9.0,Maintenance,Hot,34.161171051270536,4150
Female,119,1.9501584102055394,Low,3.2,Loading,Hot,31.290116551483138,4765
Male,57,1.6307993610165268,Low,5.3,Loading,Moderate,21.432547279765608,2445
Female,81,1.7634746515034656,Low,10.0,Maintenance,Cold,26.046332241928358,2835
Female,120,1.8514090934152594,Low,3.9,Loading,Moderate,35.00873844621257,4650
Male,95,1.9762468144982908,Moderate,8.4,Loading,Cold,24.324349758437577,3825
Male,86,1.8244571746464113,Low,4.2,Maintenance,Hot,25.836346711148973,3310
Female,86,1.877115415206329,High,4.7,Loading,Cold,24.407117887258728,3710
Female,73,1.9059912425001913,Moderate,6.8,Maintenance,Cold,20.09467832595433,2755
Male,61,1.6931456237389315,Moderate,9.1,Loading,Cold,21.278509822073072,2635
Female,87,1.7296710258332468,Moderate,3.9,Maintenance,Hot,29.079854661155093,3545
Female,110,1.6854538295742647,Moderate,5.2,Maintenance,Hot,38.72210558060711,4350
Male,80,1.837533193267544,High,3.8,Maintenance,Hot,23.692975269249345,3500
Female,103,1.8987435210155952,High,6.1,Loading,Hot,28.56962992422386,4605
Female,104,1.965669268393098,Moderate,5.9,Maintenance,Moderate,26.91611923671837,3990
Male,90,1.562856733072295,Low,5.1,Maintenance,Cold,36.84717298465136,3150
Male,81,1.5858415106630581,Low,6.6,Maintenance,Moderate,32.20812592665046,2985
Female,107,1.5319437959643003,Moderate,9.8,Loading,Hot,45.592994101226964,4545
Male,71,1.9539691352516764,Moderate,4.5,Loading,Hot,18.596146119958068,3285
Female,106,1.8330996798184451,High,4.0,Maintenance,Moderate,31.545230283642983,4260
Female,69,1.8586935024178066,High,6.5,Loading,Cold,19.97255056055071,3115
Male,84,1.85186102241359,Low,7.9,Loading,Hot,24.494157404202003,3540
Female,78,1.621870235376352,Moderate,4.7,Loading,Cold,29.65257378985834,3230
Female,63,1.5175344106344721,Moderate,8.6,Loading,Hot,27.35668401864676,3005
Female,104,1.7360959388581092,Low,3.8,Maintenance,Hot,34.50530709614774,3940
Female,79,1.6554192032214108,Moderate,5.9,Maintenance,Moderate,28.82777433237715,3115
Male,51,1.6510286224906783,High,3.7,Maintenance,Cold,18.7094478750866,2185
Male,57,1.7310783630169269,Moderate,9.4,Loading,Hot,19.021352743485238,2795
Male,65,1.8874530869048758,Low,4.5,Loading,Hot,18.245720793595225,2875
Male,110,1.5923729966898017,Moderate,3.0,Loading,Cold,43.38135137868508,4350
Female,119,1.6068265802156239,Low,6.6,Loading,Moderate,46.09023759396562,4615
Female,82,1.8605064287990092,High,6.2,Maintenance,Moderate,23.689260425547264,3420
Female,51,1.568071309771857,Low,5.7,Maintenance,Cold,20.741423472235216,1785
Female,53,1.6609656361228768,Moderate,4.4,Maintenance,Moderate,19.211203607076136,2205
Female,97,1.8439836174812956,High,8.8,Loading,Cold,28.527099546468303,4095
Female,94,1.786906320655624,Moderate,5.7,Loading,Hot,29.439083375729506,4090
Female,119,1.767491190397802,Low,8.2,Loading,Hot,38.09188334951815,4765
Female,101,1.827380440685145,Moderate,7.1,Loading,Cold,30.245685327600572,4035
Male,102,1.614721887750032,High,8.0,Loading,Cold,39.1205279624548,4270
Male,107,1.6398680032694513,Moderate,7.5,Maintenance,Moderate,39.78927202679603,4095
Female,119,1.939930142006978,Moderate,8.7,Maintenance,Cold,31.620940235498992,4365
Female,86,1.6355286245669487,Low,8.6,Maintenance,Moderate,32.150086992468744,3160
Female,69,1.628155024385796,Low,4.5,Loading,Moderate,26.029005981401422,2865
Male,69,1.8184515664405443,Low,5.7,Maintenance,Hot,20.86630802542713,2715
Female,67,1.519403633729584,Low,4.4,Loading,Cold,29.022076416263207,2645
Female,78,1.5778145783477415,Low,3.2,Loading,Hot,31.331607242582304,3330
Female,89,1.6143859310325204,Moderate,5.2,Maintenance,Cold,34.14878673700979,3315
Female,86,1.9470507829092618,Moderate,7.8,Loading,Moderate,22.68526690757073,3660
Female,88,1.8834714889405333,Low,6.9,Maintenance,Moderate,24.806447344682184,3230
Female,84,1.6786653907316036,High,5.9,Maintenance,Cold,29.80924749488248,3340
Male,61,1.8766184161156387,Low,9.6,Maintenance,Moderate,17.321196442483142,2285
Female,95,1.501480689423113,High,4.3,Loading,Cold,42.13898815580385,4025
Female,52,1.6562924133894845,Low,7.3,Loading,Moderate,18.955241347887362,2270
Male,97,1.8321030830018192,Low,6.7,Maintenance,Hot,28.898275242215288,3695
Female,94,1.907734961034482,Low,4.7,Maintenance,Hot,25.828059388282224,3590
Male,52,1.5738095230750813,Moderate,5.4,Maintenance,Moderate,20.9941843229354,2170
Female,94,1.7421749298655493,Moderate,7.0,Loading,Hot,30.970223094586732,4090
Male,84,1.9045051508314792,High,6.8,Loading,Cold,23.158742982406363,3640
Female,120,1.8024285954306127,High,9.2,Maintenance,Moderate,36.93729674096352,4750
Male,58,1.9932665832960725,Low,4.6,Maintenance,Cold,14.598129825423667,2030
Female,50,1.7395836325610006,Moderate,6.4,Loading,Cold,16.52263765192722,2250
Female,61,1.7430088813587181,High,9.2,Loading,Cold,20.078470874102248,2835
Female,91,1.5813768852102703,Low,7.7,Loading,Cold,36.38904175917211,3485
Female,98,1.9779131714269997,Low,5.3,Loading,Cold,25.05022497446127,3730
Male,101,1.862898959561228,High,5.7,Maintenance,Cold,29.103336012868816,3935
Male,110,1.7381183729936636,High,3.6,Maintenance,Moderate,36.411115512922635,4400
Female,53,1.8343491154718596,Low,8.6,Maintenance,Hot,15.751135963140628,2155
Male,59,1.9982119909497222,High,8.5,Loading,Hot,14.776408542246925,3065
Male,77,1.7473219805989149,High,3.5,Maintenance,Moderate,25.21998621090462,3245
Male,66,1.5542212307214849,High,5.6,Maintenance,Cold,27.322363267857966,2710
Male,77,1.9232225373733627,Moderate,8.1,Maintenance,Moderate,20.81764727969877,3045
Male,72,1.7237307508719848,High,3.5,Maintenance,Cold,24.2322442398897,2920
Male,95,1.612413560358915,High,9.2,Maintenance,Hot,36.5401832889999,4025
Male,55,1.796316400288731,Moderate,6.3,Maintenance,Hot,17.045000546514135,2425
Female,68,1.6374867232095012,Moderate,4.2,Maintenance,Moderate,25.3602387540005,2730
Male,72,1.9500629659358144,Low,5.1,Maintenance,Hot,18.933688476797194,2820
Female,60,1.5751086977093838,Moderate,9.7,Loading,Moderate,24.184114538481452,2750
Female,52,1.9593312682677768,High,10.0,Loading,Cold,13.54526808955947,2520
Female,63,1.6284130096543903,Moderate,5.7,Maintenance,Hot,23.75808450365353,2705
Female,59,1.8118223544030447,Moderate,4.6,Loading,Moderate,17.973008686788592,2715
Male,61,1.5170263503346577,Moderate,4.2,Maintenance,Moderate,26.505962924092387,2485
Female,96,1.5081995798312033,Moderate,5.3,Loading,Cold,42.20399880961081,3860
Female,76,1.5773735884751958,High,5.3,Loading,Cold,30.545304777001437,3360
Female,110,1.784288496712965,Low,6.6,Maintenance,Hot,34.55115214435227,4150
Female,72,1.8853342104266988,High,7.7,Maintenance,Moderate,20.256098500380507,3070
Male,120,1.61159643840923,Moderate,5.3,Loading,Hot,46.20283750508558,5000
Male,53,1.6576839139770216,High,4.8,Loading,Hot,19.287343862539444,2855
Male,84,1.8472501511201913,High,5.1,Maintenance,Moderate,24.616588423809187,3490
Female,61,1.6308217243863523,Low,7.2,Loading,Hot,22.935956633366164,2735
Female,116,1.8887074361398417,High,4.2,Loading,Hot,32.51835806293429,5060
Male,50,1.7009735076415469,High,9.1,Maintenance,Hot,17.281240137215978,2450
Male,93,1.5914089758674845,High,6.8,Maintenance,Moderate,36.72140945240002,3805
Male,67,1.9517020522100057,High,6.3,Maintenance,Hot,17.589267960508703,3045
Female,103,1.7699143272404547,Moderate,4.6,Loading,Cold,32.880070119669945,4105
Female,114,1.7505860110660911,High,9.7,Maintenance,Moderate,37.199572069299805,4540
Female,75,1.6156889096977458,Moderate,4.4,Loading,Cold,28.730671432573565,3125
Female,54,1.5883745070610544,Low,3.2,Loading,Hot,21.403655071187586,2490
Male,63,1.6497997922237746,Low,9.8,Maintenance,Hot,23.146112535134346,2505
Female,100,1.995415896982847,Low,3.0,Loading,Cold,25.11499779552638,3800
Female,80,1.5346529277721037,Moderate,8.3,Loading,Hot,33.96797384933768,3600
Male,104,1.8320331392339178,Moderate,3.6,Maintenance,Moderate,30.986083637141096,3990
Female,91,1.5488254975821651,Low,5.6,Maintenance,Cold,37.93467896961829,3185
Female,88,1.9035663260801492,Low,6.8,Maintenance,Moderate,24.285477390988127,3230
Female,76,1.8632942092115,Low,5.3,Loading,Cold,21.890250114058862,2960
Male,55,1.8584721817481846,Low,4.2,Loading,Hot,15.923941002468986,2525
Male,84,1.863950133372633,High,6.1,Loading,Moderate,24.177461881498925,3790
Male,94,1.9829261065111263,Moderate,7.0,Maintenance,Cold,23.906433613245888,3490
Male,89,1.719262942036531,Moderate,9.1,Maintenance,Hot,30.10962884881273,3615
Female,91,1.7716298134981132,High,4.4,Loading,Hot,28.993151981206477,4185
Female,82,1.757181057675444,Low,4.5,Loading,Cold,26.5571108594615,3170
Female,60,1.9586129581861704,High,7.5,Loading,Cold,15.64062139656882,2800
Male,86,1.558536626302531,Low,8.9,Maintenance,Hot,35.40498588258511,3310
Female,110,1.6159647916933342,Low,6.5,Maintenance,Hot,42.12393138797561,4150
Female,52,1.949493663798513,Moderate,6.1,Loading,Moderate,13.682318243013636,2470
Male,62,1.5613430469303993,High,6.4,Loading,Hot,25.432849561141115,3170
Male,100,1.7180706999098831,Moderate,8.7,Maintenance,Hot,33.8780135340042,4000
Male,68,1.9433123668669503,Moderate,8.7,Maintenance,Hot,18.006266923932824,2880
Male,100,1.6182236169314295,Low,6.3,Loading,Hot,38.18764967040378,4100
Male,65,1.566706783036127,Moderate,4.9,Loading,Hot,26.48121511564261,3075
Female,58,1.5663655295346948,Low,7.4,Maintenance,Moderate,23.63968902364598,2180
Male,91,1.8875921665645956,Moderate,5.6,Loading,Hot,25.54024503394452,3985
Female,112,1.7943480927050766,Moderate,3.2,Loading,Hot,34.786010834552144,4720
Female,115,1.572782726974146,High,4.5,Loading,Hot,46.49008910476032,5025
Female,96,1.86665461274474,High,7.1,Maintenance,Hot,27.55137623073375,4060
Male,66,1.572776031430179,Low,7.4,Maintenance,Cold,26.68149570251317,2310
Female,78,1.9737602771691931,Low,9.4,Loading,Cold,20.02192332976194,3030
Male,84,1.512548335158146,Moderate,3.8,Maintenance,Hot,36.7164566178222,3440
Male,60,1.751309679797255,Low,3.7,Loading,Moderate,19.56254501230265,2550
Female,84,1.8620492216246483,Low,4.7,Loading,Moderate,24.22685121020985,3390
Female,115,1.870215449527282,Low,3.1,Loading,Moderate,32.87869411169074,4475
Female,71,1.9428937191142737,High,5.8,Loading,Moderate,18.808764123533173,3335
Male,54,1.8051918319111406,High,6.3,Loading,Moderate,16.570936011321862,2740
Male,69,1.9226668571691237,Low,7.2,Maintenance,Moderate,18.6655594252515,2565
Male,118,1.5734130432451756,Moderate,3.8,Maintenance,Cold,47.66466172598205,4330
Male,58,1.8435316377560385,Low,6.2,Loading,Hot,17.065805956699563,2630
Male,52,1.6706311346477034,Low,8.6,Loading,Moderate,18.6312589466101,2270
Male,107,1.7096878974458696,Moderate,8.0,Maintenance,Cold,36.60581688180698,3945
Female,95,1.516044124389253,Moderate,5.2,Maintenance,Cold,41.333284951664304,3525
Male,103,1.8566589013045862,High,6.9,Loading,Moderate,29.87947597760523,4455
Female,97,1.5038666605231037,Low,3.4,Maintenance,Hot,42.88970620081429,3695
Female,87,1.7375470823619037,Moderate,8.3,Maintenance,Cold,28.81682237764472,3245
Female,55,1.6187569964539275,Low,5.4,Maintenance,Hot,20.98936850897284,2225
Female,74,1.581875335432548,Moderate,9.4,Loading,Moderate,29.57244348810281,3240
Male,67,1.996233101925268,Low,8.8,Loading,Cold,16.813274247314705,2645
Female,64,1.8817628191726374,Low,5.6,Maintenance,Hot,18.07383059908774,2540
Female,95,1.993681537161141,Low,5.6,Maintenance,Hot,23.900777627737835,3625
Male,63,1.7510153339241223,Moderate,3.9,Loading,Cold,20.547578621950365,2705
Male,105,1.5636992318150227,High,4.6,Loading,Cold,42.94205792711323,4375
Female,68,1.639652163617403,High,6.3,Maintenance,Moderate,25.293297943089847,2930
Male,87,1.9800435106962637,High,3.1,Maintenance,Moderate,22.19063780705721,3595
Male,116,1.9484747393319564,Moderate,6.9,Maintenance,Cold,30.554024995015304,4260
Male,96,1.8177122775220658,Low,9.0,Maintenance,Cold,29.055004819017334,3360
Male,118,1.5919082973906147,Low,9.7,Loading,Cold,46.563531886851024,4430
Female,90,1.7595948122277492,High,6.4,Loading,Moderate,29.06813467629685,4000
Female,65,1.8116674957160608,High,3.1,Maintenance,Hot,19.80415750882169,2975
Male,120,1.5222426629784014,High,9.2,Loading,Moderate,51.78613117581794,5050
Male,90,1.9257143904839644,Low,6.3,Loading,Moderate,24.26938425176806,3600
Female,79,1.659727451396583,Low,8.7,Loading,Cold,28.678308812348295,3065
Male,57,1.96223965790307,Low,5.6,Maintenance,Moderate,14.803716452055344,2145
Male,93,1.815862730105146,Low,4.8,Loading,Hot,28.204403459711422,3855
Male,109,1.5982823491628908,Moderate,6.3,Loading,Cold,42.66969036115201,4315
Female,85,1.5271643897499625,Low,8.2,Maintenance,Moderate,36.44578831504303,3125
Male,100,1.7090986663491594,Moderate,9.2,Maintenance,Cold,34.23463716973728,3700
Male,91,1.7296209653851498,High,8.3,Maintenance,Moderate,30.418620209972087,3735
Female,74,1.7355368641829867,High,4.5,Loading,Moderate,24.567673625741325,3440
Male,101,1.9031150141498638,Low,3.7,Loading,Hot,27.886326168408782,4135
Male,118,1.7989522832828493,Low,8.7,Loading,Moderate,36.46218744786401,4580
Male,104,1.5229808004684304,Low,8.0,Loading,Cold,44.83781930669956,3940
Female,81,1.7986788616985194,Moderate,9.1,Loading,Hot,25.03673872865389,3635
Female,107,1.5033127276839438,Moderate,9.1,Maintenance,Moderate,47.346197881631234,4095
Female,95,1.6668948068235359,Moderate,9.8,Maintenance,Moderate,34.19063905005366,3675
Female,106,1.6849195334476574,Moderate,3.6,Maintenance,Cold,37.33769768401814,3910
Female,104,1.623571354280077,Low,5.2,Loading,Moderate,39.45395809345409,4090
Female,83,1.6027396023809157,Low,4.0,Loading,Cold,32.31113070679231,3205
Female,67,1.7380644160300394,Moderate,8.1,Maintenance,Cold,22.179056450468547,2545
Male,58,1.6612843130709056,High,6.2,Maintenance,Cold,21.015516355042205,2430
Female,67,1.5183206349453362,Moderate,4.4,Loading,Hot,29.063493337528055,3145
Male,109,1.639022053425922,Low,6.4,Loading,Moderate,40.574848195220774,4265
Female,100,1.688338110690878,High,3.8,Loading,Hot,35.08174215704418,4500
Male,107,1.7329026726689876,Low,5.4,Loading,Cold,35.63160904788214,4045
Male,61,1.9562041623904416,Low,7.9,Loading,Cold,15.94048304478127,2435
Male,59,1.8283314997548095,Low,4.0,Loading,Cold,17.649895091305023,2365
Male,69,1.7319223037739344,High,8.4,Loading,Moderate,23.003413198069456,3265
Male,98,1.5492122977882996,Moderate,7.4,Maintenance,Moderate,40.83233390039781,3780
Male,104,1.8427112818389602,Low,5.3,Loading,Hot,30.628007850271313,4240
Female,94,1.8990791556531406,High,6.7,Maintenance,Hot,26.06403917084971,3990
Male,66,1.9068483014631648,Moderate,9.4,Loading,Moderate,18.15146351042661,2960
Male,117,1.8898449489457982,Low,10.0,Maintenance,Cold,32.75921703192349,4095
Male,60,1.5048285558927512,High,3.2,Maintenance,Hot,26.495810111695405,2800
Female,56,1.9150990941793407,High,6.1,Loading,Cold,15.268821755782998,2660
Female,79,1.656743855953521,High,6.9,Loading,Moderate,28.78169415681807,3615
Female,62,1.7923261468827163,Moderate,6.3,Loading,Cold,19.300013315692652,2670
Male,103,1.9281107007466667,Low,6.4,Maintenance,Cold,27.7059658693993,3605
Male,75,1.9142478992101757,Moderate,5.8,Maintenance,Cold,20.467504996994332,2825
Female,56,1.7497088469076891,Low,8.1,Maintenance,Hot,18.291800309938427,2260
Female,99,1.7484301846153736,High,5.9,Loading,Cold,32.384604954366594,4165
Male,55,1.6741185687706635,High,6.4,Maintenance,Moderate,19.6241232378138,2475
Female,61,1.9527843915079373,Low,7.7,Maintenance,Moderate,15.99636277444319,2285
Male,108,1.568103170708946,Moderate,3.0,Maintenance,Cold,43.9212295621622,3980
Male,52,1.7757038702844496,Low,6.9,Loading,Cold,16.491579819067027,2120
Female,108,1.5034475142535868,Moderate,7.1,Loading,Cold,47.78011742612052,4280
Female,101,1.936108474709272,Moderate,4.6,Loading,Moderate,26.943995784928884,4185
Male,91,1.5049784249619766,Moderate,4.9,Loading,Hot,40.17730891732787,3985
Female,86,1.6018744002851588,Low,6.2,Loading,Cold,33.515177929509974,3310
Male,55,1.5246046727690796,Low,6.3,Maintenance,Moderate,23.661822735294443,2075
Female,118,1.9870511274197218,Low,9.1,Loading,Moderate,29.885733799021168,4580
Male,78,1.584995848452126,Moderate,3.3,Maintenance,Moderate,31.048337074987316,3080
Male,114,1.8209426349724511,Moderate,3.7,Maintenance,Cold,34.38051060921006,4190
Male,75,1.660127794613149,Moderate,3.8,Maintenance,Hot,27.21311279842896,3125
Male,105,1.7540855264187531,Moderate,8.5,Maintenance,Hot,34.12618721431214,4175
Male,79,1.9324552529421477,Low,9.4,Maintenance,Cold,21.154764670832453,2765
Female,91,1.8663382857402564,High,5.7,Loading,Hot,26.125262446371153,4185
Male,80,1.839820419685908,High,8.0,Maintenance,Cold,23.634102660052083,3200
Male,108,1.737781008048818,High,8.3,Maintenance,Cold,35.76297691350915,4180
Male,109,1.6934211914309283,High,9.2,Loading,Hot,38.00988166246324,4815
Male,74,1.754042226803846,High,3.8,Loading,Moderate,24.052024137570932,3440
Male,78,1.7913798143458959,Low,3.3,Loading,Cold,24.306322188554873,3030
Female,53,1.709224660548641,Moderate,4.8,Maintenance,Hot,18.141682803421048,2355
Female,95,1.9211670106672614,Low,4.5,Maintenance,Hot,25.739100416480778,3625
Female,102,1.6463837558845933,High,5.5,Maintenance,Hot,37.63032999665619,4270
Male,96,1.577578382347425,Low,9.3,Loading,Cold,38.573526055039885,3660
Male,92,1.5684427031554815,Low,4.3,Maintenance,Moderate,37.398183753444,3370
Female,83,1.5098829633197979,High,9.2,Maintenance,Cold,36.40755571249424,3305
Male,57,1.5504792839747328,High,5.8,Loading,Cold,23.71062051196166,2695
Male,115,1.5083854345991126,High,8.7,Loading,Cold,50.54441567444282,4725
Male,109,1.901985819746527,Low,9.0,Loading,Moderate,30.13088920314432,4265
Male,87,1.5582631354783216,Low,4.2,Loading,Hot,35.829245239170376,3645
Female,73,1.6546462428328417,Moderate,8.2,Maintenance,Cold,26.663216870864073,2755
Female,52,1.6935982614645495,High,9.5,Loading,Moderate,18.12936301733318,2670
Female,63,1.511506589037066,High,9.6,Loading,Moderate,27.575313591731515,3055
Male,116,1.8022803245287662,Moderate,6.3,Loading,Moderate,35.71192872497211,4710
Female,88,1.9765690651056005,Moderate,5.0,Loading,Cold,22.52468281478629,3580
Male,91,1.9122092055657556,Moderate,3.5,Loading,Moderate,24.886887415801866,3835
Female,116,1.7358546680542881,Low,9.3,Maintenance,Hot,38.49738815089841,4360
Male,64,1.5821601925451931,High,5.1,Maintenance,Cold,25.56695854240972,2640
Male,91,1.7000882285304038,Moderate,7.9,Maintenance,Moderate,31.484621139312594,3535
Female,113,1.9854886538951075,High,8.3,Maintenance,Hot,28.664450731439953,4655
Female,116,1.5520050802025573,Moderate,8.2,Loading,Hot,48.158362585027554,4860
Male,79,1.5944269032057146,Low,7.4,Loading,Moderate,31.07548130575714,3215
Male,51,1.686152292235783,Low,7.8,Loading,Hot,17.938105815565894,2385
Male,64,1.7450631027863306,High,3.7,Loading,Hot,21.01636981896671,3240
Female,99,1.890285288358194,High,9.4,Loading,Moderate,27.706424628062408,4315
Female,78,1.8463392391736262,High,9.5,Loading,Hot,22.880820996052368,3730
Female,102,1.8244364451665973,Moderate,9.1,Maintenance,Moderate,30.64380523575412,3920
Male,119,1.9428102152712547,Low,9.6,Maintenance,Moderate,31.527258288496068,4315
Male,77,1.67125175387749,Low,5.7,Maintenance,Moderate,27.568108737231363,2845
Female,105,1.5262222712252445,Moderate,8.7,Maintenance,Moderate,45.0768672405943,4025
Male,73,1.5628583393371902,Low,4.0,Loading,Moderate,29.887089986451507,3005
Female,94,1.5684740800300183,High,8.6,Loading,Hot,38.20965895565221,4290
Male,78,1.5495753644321113,Moderate,3.2,Loading,Cold,32.483977142181494,3230
Male,59,1.8147183669008582,Moderate,7.9,Loading,Cold,17.91569012235481,2565
Female,51,1.6878502215718618,Low,8.5,Loading,Hot,17.902033519634806,2385
Male,107,1.5985941604766147,Low,9.0,Loading,Hot,41.87042154180563,4345
Male,96,1.977741814497722,Low,8.7,Maintenance,Cold,24.543248328239116,3360
Male,76,1.5566407358829522,Moderate,3.7,Maintenance,Cold,31.364387409009687,2860
Female,56,1.6763843349283498,Low,9.8,Loading,Cold,19.926950373403045,2260
Female,120,1.6852064010686885,Moderate,6.1,Loading,Moderate,42.25470226169756,4850
Male,101,1.7304430380056859,Low,7.9,Maintenance,Moderate,33.72925571037376,3685
Male,83,1.8639762007346372,High,6.3,Loading,Cold,23.888966774768324,3605
Male,89,1.7804754889139922,Moderate,6.5,Maintenance,Moderate,28.07488642668871,3465
Male,54,1.962849122823263,Low,9.2,Maintenance,Moderate,14.01586556905334,2040
Female,63,1.5719947488300687,High,6.0,Maintenance,Cold,25.494022661772174,2605
Male,82,1.9352227795758217,Low,3.1,Maintenance,Moderate,21.895351290012105,3020
Male,92,1.6463098589249103,High,9.2,Maintenance,Hot,33.94412901363355,3920
Male,82,1.7160835990172172,High,7.9,Loading,Moderate,27.844342746368376,3720
Female,98,1.9575426500219613,Low,7.4,Maintenance,Hot,25.574291416839028,3730
Female,56,1.6780516625278894,High,4.9,Loading,Moderate,19.88737084332931,2810
Female,61,1.8237016186573611,Low,3.0,Loading,Cold,18.340968622030253,2435
Female,107,1.7070667954915537,Moderate,3.6,Loading,Hot,36.71831539608852,4545
Female,93,1.907443402884204,High,9.4,Loading,Moderate,25.561105183064836,4105
Female,53,1.9444429167443613,Low,5.7,Maintenance,Hot,14.017981210800764,2155
Male,117,1.761456517921356,Moderate,3.7,Maintenance,Cold,37.70873884465724,4295
Female,92,1.8316250418794229,High,3.3,Loading,Hot,27.4229822306666,4220
Male,111,1.7076048602637972,Low,8.5,Loading,Cold,38.06696162565349,4185
Female,97,1.7951539643150323,Low,7.9,Maintenance,Moderate,30.100127089737526,3545
Male,87,1.9973349963327258,High,4.0,Loading,Cold,21.808079891307422,3745
Male,100,1.5093333869029644,High,3.5,Maintenance,Cold,43.896474552624625,3900
Female,101,1.7449408722528665,High,5.9,Maintenance,Hot,33.171105306277276,4235
Female,65,1.8484118726523364,High,3.7,Maintenance,Cold,19.024614172174452,2675
Male,73,1.6598395426507442,Low,3.2,Maintenance,Cold,26.49663033833272,2555
Female,88,1.9768914353149871,Low,8.3,Loading,Hot,22.517337247357176,3680
Male,68,1.7732666496186673,High,3.2,Maintenance,Hot,21.625234234582557,3080
Male,83,1.775862858654365,Moderate,6.0,Loading,Hot,26.318385491625232,3705
Female,105,1.7023845858298903,Moderate,6.3,Maintenance,Hot,36.230467868350914,4175
Female,69,1.6888242506278779,Low,5.6,Loading,Cold,24.192468128003828,2715
Female,52,1.816721513702715,Moderate,6.4,Loading,Moderate,15.7552981222635,2470
Female,60,1.9016487444116192,High,4.4,Loading,Moderate,16.59169090270153,2950
Male,106,1.799398826148731,Moderate,7.8,Maintenance,Hot,32.7379137061066,4210
Female,53,1.9750622652222334,High,3.6,Loading,Hot,13.58670939359196,2855
Female,74,1.9961446543978134,Moderate,9.1,Loading,Cold,18.571530658683532,3090
Female,75,1.795814292452049,Low,8.8,Maintenance,Hot,23.256181920550397,2925
Male,105,1.5762846679240377,Moderate,7.4,Loading,Cold,42.259075953350994,4175
Female,52,1.7996616999057764,Moderate,3.8,Loading,Cold,16.055417203535903,2320
Male,104,1.8892208706813465,Low,9.4,Loading,Cold,29.13854553322917,3940
Male,115,1.525950931093796,Moderate,6.4,Maintenance,Moderate,49.38746140014035,4375
Male,103,1.921533779608975,Moderate,8.5,Maintenance,Cold,27.89595139113913,3805
Male,97,1.9003373035243543,High,5.0,Maintenance,Hot,26.860268339041685,4095
Male,59,1.7388773851676542,Moderate,10.0,Loading,Cold,19.512552877485632,2565
Female,63,1.707344588872227,Low,5.8,Loading,Moderate,21.61216051941344,2655
Male,80,1.5202563814706411,High,7.6,Loading,Hot,34.61436084803473,3800
Male,105,1.5987254369190285,Moderate,9.4,Loading,Cold,41.08104941715169,4175
Female,113,1.8068792413786938,Moderate,7.8,Maintenance,Moderate,34.61148129753842,4305
Female,93,1.9671553411902332,High,4.6,Maintenance,Moderate,24.03286991822599,3805
Female,101,1.5010632191579871,High,10.0,Maintenance,Hot,44.82532084809936,4235
Male,109,1.5469023932915231,Low,9.0,Maintenance,Cold,45.551289433889615,3815
Female,93,1.6285420122342225,Moderate,6.2,Loading,Moderate,35.065902028106954,3905
Female,116,1.9327505320898202,Moderate,8.3,Loading,Cold,31.053201845030166,4560
Female,115,1.9371353851513828,High,7.4,Maintenance,Moderate,30.64628892430326,4575
Female,115,1.759468856639629,Low,3.0,Maintenance,Moderate,37.14793459888266,4175
Female,71,1.5609933175490052,Moderate,7.9,Maintenance,Cold,29.13776664978025,2685
Female,50,1.666263833804754,Low,5.7,Loading,Hot,18.008704345446922,2350
Female,72,1.8907305372784546,Moderate,5.0,Maintenance,Hot,20.140637796097717,3020
Female,86,1.5410997792887597,Moderate,4.8,Maintenance,Moderate,36.210701198628136,3360
Female,114,1.7017817874350412,Low,8.3,Loading,Hot,39.36380831706417,4590
Male,80,1.5706763485387378,Low,3.0,Loading,Moderate,32.4277322711284,3250
Female,107,1.5657957775986595,Low,4.4,Loading,Hot,43.64289411765083,4345
Female,93,1.9021180931386175,Moderate,5.9,Loading,Hot,25.704431036425255,4055
Female,98,1.811692598747423,Low,8.8,Maintenance,Hot,29.85774849404431,3730
Male,79,1.7564290076337405,Low,7.4,Maintenance,Cold,25.607423823363987,2765
Female,117,1.855379736669512,High,3.4,Loading,Moderate,33.98758004170974,4945
Male,93,1.9002000502335956,Low,5.7,Maintenance,Moderate,25.756348816498246,3405
Male,107,1.8517326104639709,High,7.4,Maintenance,Hot,31.205218500467687,4445
Male,115,1.9365325510790385,Moderate,9.0,Loading,Hot,30.6653720041919,4825
Male,96,1.7189875525535347,Moderate,3.8,Loading,Cold,32.488208915720264,3860
Male,83,1.5416387748241491,Moderate,4.6,Loading,Cold,34.923104406273474,3405
Female,120,1.8362952249572442,Moderate,5.9,Maintenance,Moderate,35.5873980711579,4550
Female,51,1.6179151780763208,Moderate,5.2,Maintenance,Moderate,19.483127723221102,2135
Female,80,1.8543216253460046,Low,4.1,Maintenance,Moderate,23.26590019312862,2950
Male,70,1.6025689814022113,Low,5.1,Loading,Cold,27.256154042750303,2750
Female,111,1.5996620941374904,High,3.2,Loading,Moderate,43.377695037099706,4735
Female,119,1.8694513723677504,Moderate,5.2,Loading,Moderate,34.050117554253006,4815
Male,107,1.5318377686869455,High,4.5,Maintenance,Moderate,45.59930582486735,4295
Female,105,1.555855424030032,Moderate,6.0,Maintenance,Hot,43.376132072233666,4175
Male,61,1.835320297061276,High,8.5,Maintenance,Hot,18.109484997210874,2835
Female,106,1.7837436061533265,Low,8.5,Loading,Moderate,33.31509119949641,4160
Female,55,1.929995856046569,Low,5.2,Loading,Hot,14.765560467297103,2525
Male,111,1.8473401876264306,Moderate,9.8,Maintenance,Moderate,32.5258925190297,4235
Female,91,1.739434912973813,Moderate,7.0,Maintenance,Cold,30.076342849083712,3385
Female,65,1.8982943615328223,Moderate,5.5,Maintenance,Cold,18.037911056213193,2475
Male,107,1.782812722620112,Moderate,5.4,Maintenance,Moderate,33.66451238982797,4095
Female,102,1.625594831801633,Moderate,5.9,Maintenance,Moderate,38.59895544144238,3920
Male,86,1.7119589304638008,Low,9.7,Maintenance,Cold,29.343490115632097,3010
Female,100,1.6676486855462143,Moderate,4.6,Loading,Cold,35.957614249327875,4000
Male,82,1.611496868680715,Moderate,5.9,Maintenance,Cold,31.575840559843808,3070
Male,115,1.7392387879587785,Low,6.1,Loading,Cold,38.0171376831705,4325
Female,65,1.9346554253175174,High,6.5,Maintenance,Hot,17.36625226991176,2975
Female,115,1.721583777365122,Low,7.9,Maintenance,Moderate,38.80087478883855,4175
Female,73,1.7340090235644179,High,8.3,Loading,Cold,24.278405110483707,3255
Male,73,1.6502527174887878,High,6.2,Loading,Hot,26.805378684182514,3555
Female,82,1.968056854336684,Low,4.9,Loading,Cold,21.170863476165575,3170
Male,84,1.8310608084790734,Low,10.0,Loading,Moderate,25.053808389769152,3390
Female,100,1.9650892681384224,Moderate,3.8,Loading,Cold,25.896163731325505,4000
Male,111,1.842892122086911,High,3.0,Maintenance,Hot,32.68309314828684,4585
Male,94,1.9950129141204997,Low,4.6,Loading,Moderate,23.617636331948958,3740
Female,73,1.963900826129891,High,7.1,Loading,Hot,18.927085957129105,3555
Female,83,1.7067559360274902,Moderate,9.4,Maintenance,Cold,28.492807791490996,3105
Male,80,1.500633780950803,Low,7.4,Maintenance,Hot,35.52552867561815,3100
Male,113,1.6808195077555137,Low,6.0,Loading,Hot,39.99781650643319,4555
Female,59,1.5885185562356143,High,6.2,Maintenance,Cold,23.381233919675857,2465
Male,89,1.8081926359510634,High,6.4,Loading,Cold,27.220783050471926,3815
Female,113,1.9063907356080774,High,7.6,Loading,Cold,31.092425746173127,4655
Female,54,1.5615930479871054,Moderate,6.0,Loading,Hot,22.144099592874845,2690
Male,59,1.9526679917898755,Moderate,9.6,Maintenance,Hot,15.473736496416558,2565
Male,79,1.9567786443866588,Low,7.6,Loading,Cold,20.632112221544805,3065
Male,98,1.7050265892489829,High,5.8,Loading,Hot,33.710388963796774,4430
Male,74,1.867680364121668,Moderate,5.3,Loading,Hot,21.21419780784877,3390
Male,74,1.5082293814929248,Moderate,5.4,Maintenance,Hot,32.53096346164588,3090
Male,98,1.6958731541580523,Low,4.9,Loading,Moderate,34.075273088480614,3880
Male,112,1.632939014562092,Moderate,6.2,Loading,Moderate,42.00278543657318,4570
Female,120,1.8580017310463837,High,4.3,Loading,Moderate,34.76074033535409,5050
Male,62,1.7477314013956127,Moderate,8.5,Loading,Hot,20.29748882613937,2970
Male,86,1.8146738246714833,Low,8.9,Loading,Moderate,26.115677773508278,3460
Female,112,1.5018469167884247,Low,4.5,Loading,Hot,49.65542325146078,4520
Female,83,1.7561382399977945,High,5.2,Loading,Cold,26.91291209092971,3605
Female,85,1.6450763389102,Moderate,7.0,Maintenance,Hot,31.40847236135287,3475
Male,76,1.73447094461933,High,6.2,Maintenance,Cold,25.26268658625731,3060
Female,76,1.8443560439758508,Moderate,7.8,Loading,Hot,22.342103830487794,3460
Female,80,1.6561882638128238,Low,4.4,Loading,Cold,29.165577580951176,3100
Male,81,1.5565317043875777,High,5.7,Loading,Moderate,33.432517200131414,3685
Male,68,1.7036313811610884,High,5.4,Loading,Moderate,23.42921027856751,3230
Male,103,1.9161604954926377,High,4.5,Maintenance,Hot,28.0526220219716,4305
Male,67,1.9727292187840002,Low,10.0,Loading,Cold,17.216301058062324,2645
Female,74,1.6550820877774215,Moderate,4.9,Maintenance,Hot,27.014233081487298,3090
Female,51,1.759079473457899,Moderate,6.9,Loading,Cold,16.481595616187498,2285
Male,97,1.6212061574995726,Moderate,5.6,Loading,Moderate,36.90585279314678,4045
Male,110,1.6992769444756615,High,8.1,Maintenance,Cold,38.09468222256214,4250
Female,65,1.858943506449696,High,8.1,Maintenance,Moderate,18.809661205930993,2825
Male,52,1.7983049353349236,Moderate,9.6,Maintenance,Moderate,16.07965295828169,2170
Female,92,1.5972072025420618,High,7.8,Loading,Cold,36.06328694377709,3920
Female,67,1.539138720130503,Low,3.6,Loading,Moderate,28.282596327786074,2795
Male,90,1.5796590349686297,Low,5.9,Maintenance,Moderate,36.067479848980796,3300
Male,106,1.5097055318455086,Moderate,9.2,Loading,Moderate,46.50732627754435,4360
Male,104,1.5725865000042867,Moderate,4.9,Loading,Hot,42.05370395485546,4440
Female,71,1.8757361484558572,Low,9.9,Loading,Hot,20.179706834268984,3085
Female,102,1.8970252869410351,Moderate,8.8,Loading,Hot,28.343529608742685,4370
Female,84,1.789296218560031,High,3.5,Loading,Hot,26.237037609990253,3940
Male,119,1.8648490308510686,Moderate,9.6,Loading,Hot,34.21839245811455,4965
Female,62,1.9170043114471293,Low,8.1,Loading,Moderate,16.871181991499185,2620
Male,116,1.928925057734352,Moderate,3.6,Loading,Moderate,31.176494373301395,4710
Female,82,1.9300623866068352,Moderate,4.5,Loading,Moderate,22.012590676711522,3520
Male,59,1.5962224047690552,Low,5.7,Loading,Moderate,23.156088834288326,2515
Male,64,1.9140765759519902,Low,9.0,Maintenance,Moderate,17.46873099182067,2390
Female,60,1.6337249904463655,Moderate,9.6,Loading,Hot,22.47984672404485,2900
Female,86,1.8852761723908897,High,9.9,Maintenance,Moderate,24.19627401079268,3560
Male,89,1.6219546567617031,High,4.8,Maintenance,Cold,33.83082500928172,3515
Male,109,1.6336188106268164,Moderate,8.4,Maintenance,Hot,40.84369710819747,4315
Female,72,1.5206620236045818,High,8.8,Maintenance,Hot,31.13630666768,3220
Female,110,1.7978627916674466,High,6.6,Maintenance,Cold,34.03138281294153,4250
Male,51,1.718783501144473,High,5.5,Loading,Hot,17.263459240826265,2785
Female,82,1.9121050991988433,Moderate,8.5,Loading,Moderate,22.4279889287645,3520
Female,56,1.9501099489826126,Low,10.0,Loading,Hot,14.725492574772181,2560
Male,78,1.6554154978559588,Moderate,6.6,Loading,Hot,28.462993215214937,3530
Female,116,1.6246208808734757,High,5.3,Maintenance,Moderate,43.94949888525394,4610
Female,119,1.586011880784121,Low,7.4,Loading,Moderate,47.30794560908551,4615
Female,79,1.7441630889495408,High,5.9,Loading,Moderate,25.968861395016237,3615
Female,107,1.6649667813236202,High,9.3,Maintenance,Moderate,38.59869587619034,4295
Female,85,1.6680064628449407,High,6.6,Loading,Moderate,30.550861943751052,3825
Male,75,1.9102285663311842,Low,4.7,Maintenance,Cold,20.55372741595959,2625
Male,54,1.701703276451498,Moderate,4.7,Loading,Cold,18.647735037037705,2390
Female,88,1.7585325529628226,Moderate,6.8,Maintenance,Moderate,28.456523901225946,3430
Male,116,1.8877924171268972,High,9.3,Maintenance,Cold,32.54988920669637,4460
Male,113,1.6955383660843497,Low,3.1,Maintenance,Hot,39.30639379752056,4255
Male,67,1.9748570194780246,Moderate,9.6,Maintenance,Cold,17.17922179406885,2545
Female,114,1.6251669999221392,Moderate,5.0,Maintenance,Hot,43.162725581197215,4490
Female,87,1.924012745864752,Moderate,9.9,Maintenance,Hot,23.50192105597526,3545
Female,113,1.7455470974331826,Low,3.4,Maintenance,Moderate,37.08645319390173,4105
Male,67,1.8197035467879195,High,9.6,Loading,Hot,20.233616745876216,3345
Female,91,1.978462119316927,Low,9.6,Maintenance,Moderate,23.248016940693404,3335
Female,103,1.989642729014702,High,4.3,Loading,Hot,26.018785836913068,4605
Female,109,1.8593303043964013,Moderate,5.6,Maintenance,Cold,31.52923274853026,4015
Male,68,1.931723101169542,High,7.2,Maintenance,Moderate,18.22297023069151,2930
Female,111,1.6388404632819191,Moderate,4.9,Loading,Hot,41.32849802972994,4685
Female,106,1.73497686288292,High,8.0,Loading,Hot,35.21425381343795,4710
Female,102,1.657921911986115,Moderate,6.6,Loading,Hot,37.10838287186278,4370
Male,113,1.5057606833457389,Low,9.8,Maintenance,Moderate,49.838680669647125,4105
Male,67,1.5595099042189593,Moderate,3.6,Maintenance,Hot,27.548536249895996,2845
Male,74,1.7947259676206653,Moderate,8.5,Maintenance,Cold,22.97393703904871,2790
Female,74,1.9158717994832681,High,6.5,Maintenance,Hot,20.16038538989545,3290
Male,113,1.9174179219155336,High,6.1,Maintenance,Cold,30.735825280942734,4355
Female,104,1.5781912278143513,Low,5.7,Loading,Moderate,41.75553851998491,4090
Female,115,1.5507035857885303,Low,9.7,Maintenance,Cold,47.82337897666925,4025
Male,72,1.6134663092359407,High,9.3,Loading,Hot,27.65748552410145,3520
Male,66,1.8716498459941504,High,7.1,Loading,Cold,18.84060002434587,3010
Male,84,1.8897338780110873,Low,7.5,Maintenance,Moderate,23.522202705698565,3090
Female,55,1.530501242892229,Moderate,6.7,Maintenance,Cold,23.47984989992188,2125
Female,74,1.9963616242470543,High,3.0,Loading,Cold,18.56749407213332,3290
Female,87,1.786885282596394,High,4.7,Maintenance,Moderate,27.24745279893496,3595
Male,59,1.926244414205282,High,7.0,Maintenance,Cold,15.901175356186215,2465
Female,73,1.7264314098330904,Low,9.9,Loading,Cold,24.491997285171205,2855
Female,115,1.9601492865420846,Moderate,9.2,Maintenance,Moderate,29.930883924028787,4375
Male,83,1.5983043945124475,Moderate,7.0,Loading,Cold,32.49070277783388,3405
Female,88,1.6263850981838783,Moderate,6.5,Loading,Cold,33.26870524918247,3580
Female,54,1.8691064840879765,Low,4.4,Maintenance,Cold,15.457016539515875,1890
Male,101,1.955193350531036,High,4.9,Maintenance,Hot,26.42055587203534,4235
Male,70,1.6030317546929096,Moderate,5.8,Loading,Moderate,27.240419358268237,3100
Female,109,1.7275188628232578,Moderate,3.3,Loading,Hot,36.52421592996338,4615
Female,69,1.6981995518042476,Low,8.5,Maintenance,Cold,23.926085309032025,2415
Female,91,1.6741769143707468,Low,3.2,Maintenance,Hot,32.46674083169095,3485
Female,59,1.7771292500972709,Moderate,3.6,Maintenance,Hot,18.68159623772519,2565
Female,120,1.8367488294517424,Low,4.7,Loading,Hot,35.56982287507158,4800
Male,87,1.5824683198427152,Moderate,6.3,Maintenance,Hot,34.74155104651195,3545
Female,86,1.8883936311912315,Moderate,9.2,Maintenance,Cold,24.116451008340253,3210
Male,61,1.5744254833032545,Low,4.8,Maintenance,Hot,24.608526725062408,2435
Female,104,1.8216165823208321,High,9.1,Maintenance,Moderate,31.341472526834284,4190
Male,68,1.7896513540792096,High,10.0,Loading,Cold,21.231078006357613,3080
Male,54,1.780200823088255,Low,3.0,Loading,Hot,17.03945754642963,2490
Female,75,1.5389876002579372,Low,3.5,Maintenance,Cold,31.665840651809336,2625
Male,53,1.747672150221386,Low,6.8,Loading,Cold,17.35225568197425,2155
Female,58,1.8024815938187067,High,5.5,Maintenance,Hot,17.851976908043767,2730
Male,69,1.9163571909809858,Low,3.4,Maintenance,Moderate,18.78867565445138,2565
Male,51,1.6462094921308847,Low,6.5,Maintenance,Moderate,18.819148664851596,1935
Male,120,1.7321501520245435,Moderate,9.9,Maintenance,Moderate,39.995411870884936,4550
Male,84,1.884809742166296,Moderate,5.0,Maintenance,Cold,23.645268519137012,3140
Male,88,1.6320879974534779,High,3.2,Loading,Cold,33.036614089997045,3780
Male,68,1.9209177872463357,Moderate,8.7,Loading,Moderate,18.428558120080115,3030
Male,50,1.9085786982439263,Moderate,8.3,Maintenance,Cold,13.726185369914793,1950
Male,103,1.9218600378370045,High,6.3,Loading,Hot,27.886480866786464,4605
Male,83,1.604797564581928,Moderate,7.9,Loading,Moderate,32.22831347038841,3555
Female,100,1.5834555674028312,Low,7.0,Loading,Hot,39.883038459975744,4100
Female,104,1.8693477392005402,High,8.8,Maintenance,Cold,29.76138548726953,4040
Female,105,1.8601897989296163,High,3.8,Loading,Moderate,30.34413642274626,4525
Male,78,1.8202419205509868,Moderate,3.0,Loading,Cold,23.541621810922035,3230
Female,72,1.9508714643334244,High,9.7,Maintenance,Cold,18.917998376181593,2920
Female,99,1.7659075500923604,Low,5.3,Maintenance,Moderate,31.746749695205903,3615
Male,81,1.730522519068869,Moderate,6.0,Maintenance,Moderate,27.0477104572005,3185
Male,84,1.7809676455314845,Moderate,5.2,Loading,Hot,26.4830028013441,3740
Male,69,1.8621546945100502,High,5.0,Loading,Hot,19.8983734910645,3415
Female,81,1.7142687973571595,Moderate,4.5,Maintenance,Cold,27.56304399303618,3035
Female,62,1.7506339450199782,High,3.4,Maintenance,Hot,20.230238322877536,2870
Female,54,1.8245484824598255,High,4.7,Maintenance,Moderate,16.221198682355855,2440
Male,79,1.8319001856892034,High,4.6,Loading,Moderate,23.54092251978713,3615
Female,60,1.9561930377542303,High,8.9,Maintenance,Moderate,15.67934198217438,2650
Male,89,1.893818229502312,Moderate,5.0,Maintenance,Hot,24.814950962618134,3615
Female,64,1.5651367826444935,Moderate,3.4,Maintenance,Cold,26.12614771284981,2440
Female,115,1.50287169079968,High,4.5,Loading,Moderate,50.91597126100471,4875
Male,63,1.9949772281617848,Low,3.2,Loading,Moderate,15.829407666028757,2655
Female,106,1.5908486686421968,Low,3.1,Loading,Moderate,41.88399775034295,4160
Male,75,1.8752194526323334,High,4.7,Loading,Cold,21.328340443345837,3325
Male,116,1.9920254750377244,Moderate,9.1,Maintenance,Cold,29.232651762836838,4260
Male,110,1.5782211619026505,Moderate,4.5,Maintenance,Hot,44.16283657724938,4350
Female,59,1.8311089006821568,Moderate,4.0,Loading,Moderate,17.596393458594903,2715
Male,65,1.5572979120448243,High,7.0,Maintenance,Cold,26.802169784983416,2675
Female,71,1.7548825113386448,Moderate,9.8,Loading,Moderate,23.054847658624325,3135
Female,112,1.821595765406784,Low,3.9,Maintenance,Moderate,33.75312646666925,4070
Female,95,1.93441094038265,Low,3.1,Maintenance,Moderate,25.387861814382376,3475
Male,102,1.8844400829001535,High,3.2,Loading,Hot,28.72337744230996,4570
Male,84,1.887974046033375,Low,6.1,Loading,Hot,23.566074513529465,3540
Female,113,1.5074783101677367,High,6.5,Maintenance,Moderate,49.725172587708094,4505
Female,101,1.8031129288860086,Low,6.8,Loading,Cold,31.065297636609635,3835
Female,101,1.8261365535169598,Moderate,5.2,Loading,Cold,30.286903530186645,4035
Female,113,1.8387214636513298,High,4.9,Loading,Moderate,33.42308643858612,4805
Male,97,1.6269166833551107,Moderate,3.5,Maintenance,Hot,36.647226206838496,3895
Male,99,1.6659926838308485,Low,7.3,Loading,Cold,35.668842392092365,3765
Male,61,1.8864341735597938,Low,5.4,Loading,Hot,17.14140927823069,2735
Male,96,1.8290645599898423,Low,3.2,Loading,Cold,28.695458159304835,3660
Male,87,1.5204419848810873,High,7.3,Loading,Hot,37.63392764110418,4045
Female,103,1.9563402793697806,Moderate,3.7,Loading,Moderate,26.912152256656054,4255
Female,87,1.7443483484299835,High,4.8,Maintenance,Hot,28.59254516916567,3745
Female,106,1.8970421420266637,High,9.9,Maintenance,Hot,29.45451716420074,4410
Female,118,1.68888202620687,Low,10.0,Maintenance,Hot,41.36979603966439,4430
Female,110,1.9240077521193684,Moderate,3.0,Maintenance,Hot,29.71522685013401,4350
Female,56,1.619795842509429,Low,5.1,Maintenance,Moderate,21.343589872175336,2110
Female,110,1.8908135627360951,Moderate,9.2,Maintenance,Moderate,30.767716661692845,4200
Male,69,1.7374155605999415,Moderate,8.9,Maintenance,Moderate,22.858181516140267,2765
Female,51,1.6669383948307341,Moderate,6.5,Loading,Hot,18.35401474885421,2585
Male,57,1.7527977920887334,Low,4.0,Loading,Cold,18.552875092152135,2295
Female,89,1.8987444418742323,Moderate,9.5,Maintenance,Hot,24.68635530997275,3615
Male,94,1.8120749319182319,High,7.6,Loading,Moderate,28.626980934356745,4140
Male,92,1.8577273769608644,High,6.3,Loading,Hot,26.657772960518408,4220
Male,73,1.8253497328615254,High,4.0,Maintenance,Moderate,21.909410219261257,3105
Female,63,1.5883910984951386,Low,8.6,Loading,Hot,24.970409254697888,2805
Female,59,1.771193215589639,Moderate,9.3,Loading,Hot,18.807026288868393,2865
Male,95,1.6030263292547615,Moderate,9.1,Loading,Cold,36.9693908019798,3825
Male,62,1.619372454357494,Low,7.0,Maintenance,Cold,23.642761119922945,2170
Male,65,1.9268328131812689,Low,9.3,Maintenance,Cold,17.507546540624656,2275
Male,110,1.6411666334578576,Low,4.1,Maintenance,Moderate,40.84014991944277,4000
Female,85,1.8884933824619679,Low,6.0,Maintenance,Hot,23.83350916148719,3275
Female,66,1.8605021828803823,High,4.3,Loading,Cold,19.067052735276476,3010
Male,94,1.9386403650868758,Low,3.5,Loading,Moderate,25.011132181247063,3740
Female,108,1.7717509587513933,High,3.2,Loading,Cold,34.404749697267135,4480
Female,55,1.9910942599946309,Low,9.9,Maintenance,Moderate,13.873276715408098,2075
Male,59,1.8145275959456033,Moderate,3.4,Loading,Moderate,17.919457464324964,2715
Female,103,1.5839281559609724,Low,8.6,Loading,Moderate,41.055019891650794,4055
Female,119,1.7698665869532308,Moderate,6.7,Loading,Hot,37.98970320912898,4965
Male,112,1.9701685874505508,Low,7.5,Loading,Moderate,28.854346446940838,4370
Female,116,1.936167436848435,Low,3.0,Loading,Moderate,30.943694573559092,4510
Female,88,1.8486242765813938,High,5.3,Maintenance,Moderate,25.750482328150774,3630
Male,72,1.8606611539273339,Moderate,9.3,Maintenance,Moderate,20.796867027523657,2870
Female,106,1.5001420522948266,High,4.4,Maintenance,Cold,47.10218938988854,4110
Female,99,1.652736604215581,Low,3.5,Maintenance,Moderate,36.243314113242135,3615
Female,54,1.6508695273805527,Low,4.9,Loading,Cold,19.81382201605574,2190
Male,70,1.9276154895521451,High,3.0,Loading,Cold,18.83897306077976,3150
Female,103,1.9528066392661996,High,9.3,Maintenance,Hot,27.009636461442796,4305
Female,55,1.9779096340647346,Moderate,8.4,Loading,Hot,14.058850017101118,2725
Male,67,1.9442868798790554,High,7.4,Loading,Hot,17.72368862473953,3345
Male,116,1.7020338690714207,Low,9.8,Loading,Moderate,40.042537719885324,4510
Male,50,1.8260888839163365,Moderate,3.9,Loading,Cold,14.994299413436806,2250
Male,97,1.5758520562684928,Low,9.3,Loading,Hot,39.06077436625118,3995
Female,109,1.7627618574328132,High,3.3,Maintenance,Hot,35.0783541622472,4515
Male,73,1.5958987805443716,Moderate,9.5,Loading,Hot,28.662375041935658,3355
Male,116,1.5953487786395273,Low,7.1,Loading,Moderate,45.5771013244123,4510
Female,78,1.7144708539717797,Low,3.7,Loading,Cold,26.53593469344043,3030
Female,50,1.5960718689325037,High,4.2,Loading,Cold,19.627505966592324,2450
Female,83,1.7347818469660135,Moderate,8.3,Maintenance,Cold,27.57962485064431,3105
Female,57,1.691854549642851,High,3.8,Maintenance,Cold,19.913555485188194,2395
Female,85,1.5119170179672459,Moderate,7.3,Loading,Hot,37.1845915036797,3775
Male,98,1.7806001953974775,High,7.6,Maintenance,Cold,30.909589849831047,3830
Female,78,1.864565429875429,Low,5.3,Maintenance,Cold,22.43568567606068,2730
Female,51,1.523493416732162,Low,5.9,Maintenance,Cold,21.972982624530125,1785
Female,67,1.7725081556102982,Moderate,3.5,Loading,Cold,21.325455609332515,2845
Male,78,1.9067571366726852,Moderate,9.1,Loading,Cold,21.45378092812031,3230
Female,87,1.729985917975208,High,6.0,Maintenance,Cold,29.069269390781997,3445
Female,68,1.7109468857710945,High,4.8,Maintenance,Cold,23.229285807768157,2780
Male,99,1.8117629931794061,Low,5.7,Loading,Moderate,30.160075574878313,3915
Female,66,1.7869158087673755,Low,6.7,Loading,Cold,20.669775205370403,2610
Male,58,1.5151737408993893,High,4.2,Loading,Moderate,25.264058797930215,2880
Male,106,1.6066879309879247,High,3.2,Loading,Moderate,41.062255643708916,4560
Male,57,1.7154527775549582,Moderate,8.3,Loading,Hot,19.369451418312938,2795
Male,109,1.9068160288783216,Low,6.4,Loading,Cold,29.97843174510467,4115
Male,71,1.7014090307194374,Moderate,4.3,Maintenance,Cold,24.526799535537876,2685
Female,117,1.9543670295010402,Moderate,8.5,Loading,Cold,30.631876821323402,4595
Female,82,1.8096473534923825,High,4.9,Maintenance,Cold,25.039517060449693,3270
Female,64,1.8531232918630836,Low,9.3,Loading,Hot,18.636799995769422,2840
Male,103,1.9997721791170484,Moderate,3.3,Maintenance,Hot,25.75586739025249,4105
Female,97,1.6357461406537055,Moderate,4.4,Maintenance,Hot,36.25266398064973,3895
Male,106,1.5076614811443836,Low,8.7,Maintenance,Cold,46.633518763523476,3710
Male,100,1.6278768339711849,High,5.8,Maintenance,Hot,37.73609132829022,4200
Female,68,1.5252852737403797,Moderate,6.3,Loading,Cold,29.228515487723655,2880
Female,96,1.9442395460728328,Low,4.6,Maintenance,Hot,25.39637247796233,3660
Female,114,1.7539449895050248,Low,4.1,Maintenance,Cold,37.05722676999073,3990
Male,69,1.661920809948498,Low,7.9,Maintenance,Cold,24.982071032542464,2415
Female,71,1.8180603734776613,Low,5.8,Maintenance,Cold,21.480369448989173,2485
Male,97,1.8435768121026215,Low,4.1,Loading,Cold,28.53969056826882,3695
Male,58,1.939465036558278,Moderate,9.4,Loading,Moderate,15.419279610125828,2680
Male,59,1.590850043707075,High,4.2,Maintenance,Cold,23.312750899458003,2465
Male,73,1.9715137765130815,Moderate,3.4,Maintenance,Cold,18.781195255070987,2755
Female,52,1.8034843204142137,Moderate,4.0,Loading,Cold,15.987428008149292,2320
Female,74,1.9223865531592912,High,6.3,Maintenance,Cold,20.023974326887032,2990
Male,54,1.8409411495030046,High,5.8,Loading,Cold,15.933601420935819,2590
Male,53,1.78749297171327,Moderate,8.7,Maintenance,Hot,16.58773863868977,2355
Female,62,1.606488475310537,Moderate,7.4,Loading,Moderate,24.023509983692424,2820
Female,112,1.6684559845159748,High,4.5,Maintenance,Hot,40.233564864010404,4620
Male,62,1.7087710481048366,Moderate,6.1,Loading,Moderate,21.23361483611085,2820
Male,85,1.555039430062055,Moderate,3.9,Loading,Hot,35.150872915676146,3775
Male,88,1.9034017249073276,High,9.7,Loading,Moderate,24.289677860969714,3930
Female,118,1.559539825099227,Moderate,5.2,Loading,Hot,48.51645587547132,4930
Male,77,1.7428951486784547,Moderate,8.6,Maintenance,Hot,25.348262917475115,3195
Female,95,1.8852732759300008,High,4.0,Maintenance,Moderate,26.728524350375697,3875
Female,84,1.524052668486546,High,3.6,Maintenance,Moderate,36.16423932997998,3490
Male,96,1.7358450536070869,Moderate,8.3,Loading,Moderate,31.860260365628143,4010
Male,89,1.8318650351353154,High,8.4,Loading,Moderate,26.521803922407543,3965
Male,113,1.5014059877333343,Moderate,8.7,Maintenance,Moderate,50.12820532495349,4305
Female,77,1.8584150642827728,Moderate,3.5,Loading,Moderate,22.29488778491931,3345
Male,91,1.91720518530335,Moderate,4.2,Maintenance,Cold,24.757352625429213,3385
Male,112,1.9597024563206098,Moderate,7.4,Loading,Hot,29.16337274490906,4720
Male,64,1.7278918270651775,High,9.5,Maintenance,Hot,21.436154233396245,2940
Female,97,1.5701758558505254,Moderate,3.6,Maintenance,Cold,39.34369495387925,3595
Male,99,1.9424606218897553,High,9.2,Maintenance,Cold,26.23800120984015,3865
Male,115,1.7998212258056256,Moderate,7.6,Maintenance,Hot,35.50087863361194,4525
Female,69,1.9574156655777166,Moderate,5.7,Loading,Moderate,18.00872520614784,3065
Male,59,1.8246266598472314,Moderate,7.8,Maintenance,Cold,17.721642833697263,2265
Male,98,1.8496246356158672,High,6.1,Loading,Moderate,28.645662656391355,4280
Female,64,1.6033933055490168,Low,7.7,Maintenance,Moderate,24.89429558973004,2390
Female,82,1.9591677642180287,High,9.4,Maintenance,Cold,21.363411191328407,3270
Male,69,1.8403588461252145,Low,8.9,Maintenance,Cold,20.372487716139233,2415
Male,85,1.930240807904283,High,8.4,Maintenance,Hot,22.813711216461833,3675
Male,114,1.6860037021925227,High,6.4,Loading,Moderate,40.10401033044421,4840
Female,76,1.5791547296500297,Low,3.9,Maintenance,Cold,30.476439051791353,2660
Male,86,1.9660118700538682,Low,9.8,Maintenance,Hot,22.24980350874146,3310
Female,67,1.75605477198893,Low,5.6,Loading,Cold,21.726946128178273,2645
Male,97,1.985123924715921,Moderate,6.3,Maintenance,Moderate,24.614809966474482,3745
Female,55,1.5647571115003256,Low,7.4,Loading,Hot,22.463055052239554,2525
Male,90,1.988874263548725,Low,4.7,Maintenance,Moderate,22.75243349317366,3300
Male,102,1.7040904870484406,Low,9.9,Maintenance,Moderate,35.1248814947723,3720
Male,104,1.8112252576721195,Low,7.7,Loading,Hot,31.70212745395258,4240
Male,118,1.9919330217159226,Low,3.0,Loading,Moderate,29.739423451452986,4580
Female,79,1.5976175549615257,High,8.6,Loading,Moderate,30.95148162902611,3615
Female,82,1.7141034437858766,High,3.5,Loading,Moderate,27.908712219686635,3720
Female,89,1.7338661410852159,Moderate,6.3,Maintenance,Hot,29.604578019356115,3615
Female,91,1.6920236242475557,Low,6.6,Loading,Moderate,31.78546340683728,3635
Female,87,1.7429964650997218,High,9.3,Maintenance,Cold,28.636915626668547,3445
Male,57,1.9209676428277689,Moderate,3.2,Maintenance,Cold,15.446666018699112,2195
Male,111,1.6020654961566279,High,4.7,Maintenance,Cold,43.24764312639606,4285
Male,102,1.8273869530001878,Moderate,9.2,Loading,Cold,30.544929849592737,4070
Female,82,1.6692433611114939,High,9.3,Maintenance,Moderate,29.42893441373114,3420
Female,61,1.681867988159311,Moderate,7.7,Maintenance,Moderate,21.564829361493974,2485
Female,75,1.56666609145761,High,7.6,Loading,Moderate,30.556835475742005,3475
Male,90,1.7363683844724713,High,4.8,Maintenance,Cold,29.850992139887673,3550
Female,107,1.6471320003204462,High,8.3,Loading,Hot,39.43909750209971,4745
Female,68,1.8147557973188801,High,4.7,Maintenance,Moderate,20.64774023521982,2930
Female,59,1.9081595259906652,Moderate,3.2,Maintenance,Moderate,16.204015579887702,2415
Female,120,1.5755489877806699,High,5.8,Maintenance,Cold,48.341199672503826,4600
Female,70,1.6588664646459739,Moderate,3.2,Loading,Cold,25.437544410239067,2950
Female,81,1.6700245634429212,Low,7.7,Maintenance,Hot,29.042854620646423,3135
Male,74,1.7767383886269776,Low,8.5,Loading,Moderate,23.441464891989277,3040
Male,118,1.9948235639347773,Low,4.6,Loading,Cold,29.653299766688303,4430
Male,89,1.5541408739853482,Moderate,9.4,Loading,Cold,36.847603001043424,3615
Female,119,1.7424313692098823,Moderate,4.0,Loading,Hot,39.19544496389847,4965
Male,89,1.7199756618781035,Moderate,3.2,Maintenance,Hot,30.084680491507513,3615
Female,83,1.788388066835914,Low,6.9,Maintenance,Cold,25.95102796594517,2905
Male,108,1.8722618585424962,High,3.7,Loading,Cold,30.809920342998677,4480
Female,99,1.7257912215253846,High,3.5,Loading,Cold,33.23982154198729,4165
Male,50,1.7478249984570482,High,9.3,Loading,Moderate,16.367189515568903,2600
Male,91,1.801282791947648,High,7.9,Maintenance,Cold,28.046430247677847,3585
Male,119,1.975862847809121,Low,9.5,Loading,Moderate,30.481291966880505,4615
Male,69,1.5965114661037592,Low,8.7,Maintenance,Cold,27.071044126986628,2415
Male,93,1.7297949876154457,Low,6.8,Maintenance,Cold,31.08090671677486,3255
Male,98,1.667485234550267,Low,6.7,Loading,Hot,35.24537062401321,4030
Male,99,1.605664934427416,High,7.7,Loading,Moderate,38.39948046071084,4315
Male,90,1.6380335227529152,High,7.0,Maintenance,Cold,33.54261663024644,3550
Male,107,1.6792025098339118,High,4.8,Loading,Cold,37.94701581483498,4445
Male,105,1.9390939686536448,Moderate,3.3,Maintenance,Hot,27.924897520124613,4175
Male,109,1.7470442812968634,Low,7.3,Maintenance,Hot,35.71236996782038,4115
Male,112,1.7064430003760807,Low,3.1,Maintenance,Cold,38.462229070772494,3920
Male,57,1.9141091930324547,High,7.0,Loading,Cold,15.557558313724408,2695
Male,73,1.7093370452666359,Moderate,4.9,Maintenance,Moderate,24.984315203533182,2905
Male,104,1.6904583540815636,Low,6.9,Maintenance,Moderate,36.393547190820364,3790
Male,61,1.7118004720875672,Low,3.5,Loading,Hot,20.817259279192353,2735
Male,117,1.7684250632411405,Low,9.9,Maintenance,Moderate,37.412138978981496,4245
Male,103,1.6386222864182818,High,9.0,Loading,Cold,38.36008052418106,4305
Female,105,1.883942245127437,Low,5.0,Maintenance,Cold,29.583811699896096,3675
Female,111,1.952970235203621,Moderate,9.0,Maintenance,Moderate,29.102595971983266,4235
Female,52,1.7475411986841367,Low,8.5,Loading,Hot,17.027406232921766,2420
Female,98,1.8363760058269392,High,4.6,Loading,Cold,29.06048488942733,4130
Male,105,1.9000616855858707,Low,6.4,Loading,Hot,29.08398405857811,4275
Female,56,1.9474696280849453,High,8.5,Loading,Moderate,14.76544840401728,2810
Female,100,1.7975501577971065,Low,7.4,Maintenance,Moderate,30.94838315272554,3650
Female,58,1.9381106967041661,Low,5.5,Loading,Moderate,15.440836935380826,2480
Male,113,1.7920078984194303,Low,5.7,Maintenance,Cold,35.1883258084532,3955
Male,59,1.5155060332109254,Moderate,9.8,Loading,Cold,25.688377361951453,2565
Male,64,1.7384046107201432,Moderate,9.3,Maintenance,Hot,21.177673265841683,2740
Male,92,1.8900571612497516,High,3.1,Maintenance,Moderate,25.75360022051733,3770
Male,68,1.9131174816135343,Moderate,4.3,Maintenance,Hot,18.57914106955989,2880
Female,70,1.9766087939097083,Low,9.0,Maintenance,Hot,17.916641077977907,2750
Female,112,1.7365516537920827,Moderate,3.4,Maintenance,Cold,37.14006083570584,4120
Male,111,1.780633975188041,High,4.6,Loading,Hot,35.008513258041155,4885
Female,119,1.5198672791061443,Low,6.6,Maintenance,Cold,51.51522854050905,4165
Female,69,1.8699259752720552,High,7.3,Maintenance,Moderate,19.733324690953996,2965
Female,99,1.7446449045440051,High,4.8,Maintenance,Cold,32.52528433603796,3865
Male,109,1.6489244727715968,Low,8.4,Loading,Hot,40.088976683365495,4415
Male,54,1.6164947489892214,High,6.9,Loading,Moderate,20.665464120653628,2740
Male,86,1.8389773168687644,Moderate,8.3,Loading,Moderate,25.429961720548334,3660
Female,71,1.969667755729963,High,5.2,Maintenance,Hot,18.300897892646084,3185
Male,80,1.5814055559469549,Moderate,4.8,Loading,Cold,31.9892064274285,3300
Male,80,1.9237506250046785,High,7.0,Loading,Hot,21.616851499906947,3800
Male,73,1.6092126180324948,High,7.0,Loading,Cold,28.190060087890604,3255
Male,115,1.5338443223524605,Moderate,7.2,Loading,Cold,48.880458861352274,4525
Male,53,1.518870517369502,Moderate,5.1,Maintenance,Hot,22.97388090104898,2355
Male,105,1.6954217345819553,High,5.6,Maintenance,Cold,36.528665497869156,4075
Male,102,1.9483942790606015,High,8.3,Loading,Hot,26.868689238500004,4570
Female,68,1.7166590636234078,High,3.7,Loading,Cold,23.07495225109526,3080
Female,57,1.7047452051186642,High,3.0,Maintenance,Moderate,19.613536160944797,2545
Female,79,1.9556679829034205,High,9.8,Maintenance,Moderate,20.655553623235143,3315
Male,75,1.855912538286325,High,7.9,Maintenance,Hot,21.77440275971776,3325
Female,90,1.6865971162928883,Low,9.1,Maintenance,Moderate,31.63878538483824,3300
Female,90,1.9206992727242902,Low,5.5,Maintenance,Moderate,24.396288785495493,3300
Female,70,1.8271433948478348,Moderate,4.7,Loading,Moderate,20.96779565489473,3100
Female,72,1.7759858315178836,High,10.0,Maintenance,Moderate,22.827245153597843,3070
Male,108,1.8843665623179897,High,7.9,Maintenance,Cold,30.41536111706132,4180
Female,96,1.5776351707345746,High,10.0,Loading,Cold,38.5707491279696,4060
Male,91,1.697548366562403,Low,7.9,Loading,Cold,31.578905833827555,3485
Male,111,1.817424459667928,Moderate,6.3,Maintenance,Hot,33.605490714015325,4385
Male,64,1.7328917509846211,High,7.1,Loading,Moderate,21.312632936819146,3090
Female,113,1.8572342084105788,High,3.3,Maintenance,Moderate,32.760090648558986,4505
Male,96,1.7790497828005507,High,6.5,Maintenance,Moderate,30.331579809820745,3910
Female,90,1.5812209831031727,Low,6.6,Maintenance,Cold,35.99625930608603,3150
Male,98,1.5349674411773189,High,4.2,Loading,Hot,41.59371769687463,4430
Male,86,1.7384006036308728,Moderate,5.5,Maintenance,Hot,28.45762964267809,3510
Female,84,1.9104909564196588,High,7.1,Loading,Moderate,23.013851879935906,3790
Female,94,1.8172119594074363,High,4.0,Loading,Moderate,28.465360017581062,4140
Female,55,1.7270620065346447,Low,6.1,Maintenance,Cold,18.439401847186634,1925
Female,106,1.541421667253223,Low,4.4,Maintenance,Hot,44.61315594410086,4010
Male,88,1.6031345705849163,Low,8.0,Maintenance,Cold,34.24070619274085,3080
Male,53,1.8320559963716838,Moderate,5.3,Maintenance,Hot,15.79059090924935,2355
Male,61,1.8668719554788185,Moderate,9.9,Maintenance,Cold,17.502527618148385,2335
Male,50,1.550075114851852,High,7.4,Loading,Hot,20.809637557867237,2750
Male,101,1.9031204059796147,Low,8.1,Maintenance,Hot,27.886168156220364,3835
Male,110,1.8154904267941925,Moderate,7.1,Loading,Cold,33.373730820847896,4350
Female,103,1.7233953992885351,Moderate,8.2,Maintenance,Moderate,34.67906392271439,3955
Female,67,1.802672023475815,Low,5.9,Maintenance,Cold,20.617754551904408,2345
Female,104,1.7440622643222543,High,7.8,Maintenance,Cold,34.19080832105278,4040
Female,76,1.5306928794338792,Moderate,9.1,Loading,Hot,32.436760070911426,3460
Female,63,1.8014215562325264,Low,7.9,Maintenance,Hot,19.413768154631633,2505
Male,93,1.7509447888459726,Low,3.7,Maintenance,Cold,30.334584066679415,3255
Female,80,1.7982150618735626,Moderate,3.9,Maintenance,Hot,24.74040045664214,3300
Male,82,1.8598176488246876,High,8.3,Maintenance,Hot,23.706810220953646,3570
Female,53,1.5196255351527612,Moderate,10.0,Loading,Moderate,22.9510576736505,2505
Male,74,1.8579589806668975,Moderate,3.3,Maintenance,Moderate,21.436776330870213,2940
Male,64,1.6222436915184573,High,8.2,Maintenance,Moderate,24.319116098010777,2790
Male,61,1.5439573144123357,Moderate,4.0,Maintenance,Hot,25.589350118797398,2635
Female,65,1.9469064752690253,Moderate,4.2,Maintenance,Hot,17.148383112706306,2775
Male,110,1.575004790026967,Moderate,6.9,Loading,Moderate,44.34339366890215,4500
Female,89,1.7713769024073112,High,6.1,Maintenance,Cold,28.36403755457261,3515
Female,92,1.6200767363696758,Moderate,3.9,Maintenance,Moderate,35.05231095999772,3570
Female,101,1.849598878787467,High,3.1,Loading,Moderate,29.523392943371185,4385
Male,83,1.569951970482453,Low,3.5,Loading,Cold,33.674825961800174,3205
Male,51,1.703211599156017,Low,8.5,Loading,Cold,17.580570495937117,2085
Male,118,1.680400905192422,Low,6.8,Loading,Cold,41.78844335259755,4430
Female,98,1.9943546385387805,High,7.7,Maintenance,Cold,24.638899180799836,3830
Female,64,1.551222372964041,Low,5.7,Loading,Hot,26.596951066734807,2840
Male,94,1.533907984055138,Moderate,5.1,Maintenance,Moderate,39.95114563873507,3640
Male,56,1.7325763702867931,Low,5.9,Maintenance,Moderate,18.655343626287802,2110
Female,80,1.7322962544919633,High,9.6,Maintenance,Cold,26.659110467695474,3200
Female,91,1.937812539181273,High,7.5,Loading,Moderate,24.233596292664213,4035
Female,113,1.7531883653585396,High,7.2,Maintenance,Moderate,36.763875245214855,4505
Male,95,1.870918058362867,Low,8.9,Loading,Hot,27.14026423096212,3925
Female,87,1.9247197006060337,High,9.9,Loading,Moderate,23.484659588567737,3895
Male,79,1.7123659994797933,Low,4.5,Maintenance,Moderate,26.94225233896245,2915
Female,118,1.5235293459929597,High,9.2,Maintenance,Hot,50.837052137581146,4830
Female,113,1.5558844466545452,Moderate,3.9,Maintenance,Cold,46.67923872299253,4155
Female,65,1.7904483393857495,Low,6.4,Loading,Cold,20.276349448582526,2575
Female,109,1.7797055223792686,Low,9.2,Maintenance,Cold,34.41360755853127,3815
Male,68,1.6848620982339453,High,4.8,Loading,Cold,23.954118365674322,3080
Female,120,1.7754242045398185,High,9.0,Maintenance,Moderate,38.069482506319716,4750
Male,120,1.7314420884687076,Low,8.0,Loading,Moderate,40.02813035941354,4650
Female,107,1.6255769014747163,Low,6.7,Maintenance,Cold,40.49195434871644,3745
Male,94,1.8829895806747814,High,8.5,Loading,Cold,26.51136077674802,3990
Male,113,1.7315071280958074,Moderate,8.6,Loading,Hot,37.69032444804229,4755
Male,52,1.8669082117238056,Moderate,9.0,Loading,Hot,14.91960796912551,2620
Male,65,1.934259913560269,High,3.6,Loading,Cold,17.373354996008768,2975
Male,108,1.5108380018568324,Moderate,3.5,Maintenance,Hot,47.31381369306196,4280
Male,117,1.561851217005664,High,9.8,Loading,Cold,47.963022250050436,4795
Female,57,1.7687888805067022,Low,3.5,Maintenance,Hot,18.218929567150006,2295
Male,67,1.759800580327558,Low,7.6,Maintenance,Hot,21.634551158833986,2645
Male,105,1.5850303472908662,Moderate,9.9,Maintenance,Hot,41.7940189826808,4175
Female,79,1.8537800831466096,Moderate,4.7,Maintenance,Hot,22.988501755689363,3265
Male,64,1.744726658014538,High,3.2,Maintenance,Cold,21.024475993615276,2640
Female,80,1.9386981991638284,High,5.7,Maintenance,Hot,21.28479997399484,3500
Male,95,1.7367229373461173,Moderate,7.8,Loading,Cold,31.496516593088998,3825
Female,105,1.5486324338697701,High,8.0,Maintenance,Hot,43.781697671220435,4375
Female,89,1.570730978923788,High,6.7,Loading,Hot,36.07334274238408,4115
Female,64,1.95401577828934,Low,8.0,Maintenance,Moderate,16.761923008518835,2390
Female,82,1.7126479798508116,Moderate,9.9,Maintenance,Hot,27.956167837816007,3370
Female,102,1.5507916605463936,Low,6.0,Loading,Cold,42.41243996972417,3870
Female,78,1.527499801000388,Moderate,3.3,Loading,Cold,33.42968451209275,3230
Male,95,1.632384609825039,High,3.5,Maintenance,Moderate,35.65156690958294,3875
Male,50,1.6069616544705958,High,5.1,Maintenance,Hot,19.362390599606584,2450
Male,112,1.5682253632202177,Moderate,4.8,Maintenance,Cold,45.54084406309547,4120
Male,53,1.680091375300643,High,4.6,Maintenance,Hot,18.77630212726123,2555
Female,93,1.9012625430298815,Low,6.3,Maintenance,Hot,25.72756974161462,3555
Female,52,1.5768487873124681,High,4.3,Maintenance,Moderate,20.91333271242429,2370
Female,78,1.8010608425825263,Moderate,8.0,Loading,Moderate,24.045722692481895,3380
Male,90,1.5513377410801332,High,7.7,Loading,Hot,37.39639971146077,4150
Female,109,1.7299164491466685,Moderate,5.1,Loading,Moderate,36.42304425011894,4465
Male,74,1.983978558244729,Low,7.9,Maintenance,Hot,18.799996624128593,2890
Female,100,1.8550647613627924,Low,4.0,Maintenance,Hot,29.05907920124336,3800
Female,65,1.9942567009156464,Moderate,4.5,Loading,Moderate,16.343732165500555,2925
Female,52,1.8168118549755192,Moderate,5.1,Loading,Cold,15.753731291560998,2320
Female,65,1.6560241462653595,Moderate,6.1,Maintenance,Hot,23.70172892792958,2775
Female,96,1.7722810436335943,High,7.9,Loading,Cold,30.56370846559979,4060
Male,101,1.606120371992688,Moderate,6.4,Loading,Cold,39.153013339464685,4035
Male,99,1.8912557000014698,Moderate,9.9,Maintenance,Cold,27.67799934508608,3665
Female,70,1.8969655983549623,Moderate,8.7,Maintenance,Moderate,19.452665998405703,2800
Male,92,1.778065924391243,Moderate,6.1,Maintenance,Cold,29.09994105487302,3420
Male,90,1.5796064691584752,Low,8.5,Loading,Moderate,36.069880380861946,3600
Female,60,1.890757920504407,Moderate,5.4,Maintenance,Cold,16.783378683198304,2300
Female,94,1.8835960906393259,Moderate,7.0,Loading,Cold,26.494290433679726,3790
Male,107,1.9433062878739262,High,6.6,Loading,Hot,28.333567864513814,4745
Male,100,1.8059561986715376,Low,7.3,Loading,Hot,30.66094770290947,4100
Female,75,1.5711415111613112,Low,7.8,Maintenance,Cold,30.383000224409834,2625
Male,117,1.7675191776949384,High,5.8,Loading,Moderate,37.45049760194446,4945
Female,87,1.7616035414804472,High,9.7,Loading,Moderate,28.035151231180173,3895
Male,108,1.7058255776466522,High,6.1,Maintenance,Cold,37.11543127659075,4180
Female,91,1.579127328836372,Low,7.3,Maintenance,Cold,36.49279211022854,3185
Female,86,1.5092959427553443,Moderate,6.1,Maintenance,Hot,37.75284126725778,3510
Male,54,1.85553668355206,Low,4.7,Loading,Moderate,15.68392188048452,2340
Female,110,1.9604730508143233,High,3.5,Maintenance,Moderate,28.620085817436838,4400
Male,118,1.9220125745267116,Low,7.0,Loading,Hot,31.942548140374786,4730
Female,111,1.5386797660245182,Moderate,4.4,Loading,Cold,46.88419820503945,4385
Female,98,1.5783322151008814,High,7.4,Maintenance,Moderate,39.33953605624597,3980
Female,95,1.8274117753416685,High,9.1,Loading,Moderate,28.447936322346138,4175
Male,67,1.7994472505021117,Low,7.9,Loading,Moderate,20.691718546713396,2795
Male,72,1.5952542958122722,Moderate,5.5,Loading,Cold,28.292586401986863,3020
Male,82,1.971695650178995,Moderate,4.2,Loading,Hot,21.092793248655337,3670
Male,111,1.9749362378214999,High,5.7,Maintenance,Cold,28.458815584376918,4285
Female,119,1.905690478126975,Low,5.8,Loading,Cold,32.76741891251914,4465
Female,69,1.829331231154894,Low,7.0,Maintenance,Moderate,20.61884780306472,2565
Female,77,1.68881577595603,High,3.8,Loading,Hot,26.99766292164909,3695
Male,52,1.913691334407353,Moderate,3.1,Loading,Cold,14.199058975912994,2320
Female,107,1.9320915688081044,Low,3.4,Loading,Hot,28.663443734560243,4345
Female,99,1.8488613199472888,Moderate,8.9,Loading,Hot,28.96186476252434,4265
Female,83,1.7376737068258885,High,3.5,Maintenance,Cold,27.487904473107427,3305
Female,114,1.808159111692982,High,4.7,Maintenance,Moderate,34.86836334526633,4540
Female,116,1.9633836119943093,Low,9.1,Maintenance,Moderate,30.09176529601924,4210
Female,91,1.891298515870192,Low,9.8,Loading,Moderate,25.440241448350275,3635
Male,92,1.7080080847618975,High,6.7,Loading,Cold,31.53609993755374,3920
Female,56,1.6072573821848821,Low,4.3,Maintenance,Moderate,21.67789800908285,2110
Male,107,1.5590835119889188,Low,5.2,Maintenance,Hot,44.01949138497444,4045
Male,83,1.7548159072276723,High,7.1,Loading,Cold,26.953487554104864,3605
Female,75,1.8185488641623415,Moderate,9.9,Loading,Hot,22.678342681796245,3425
Male,85,1.9260780875284522,Moderate,7.8,Maintenance,Hot,22.91242966881942,3475
Female,64,1.9257240907546378,Moderate,7.3,Maintenance,Hot,17.258054935156864,2740
Female,120,1.7107140576133777,Moderate,6.2,Loading,Moderate,41.00401632168124,4850
Female,100,1.8222447962587185,Moderate,3.4,Loading,Moderate,30.1152562278364,4150
Female,114,1.6564953145900938,High,5.0,Loading,Cold,41.54554186539296,4690
Female,80,1.6650548144307882,Low,4.0,Loading,Cold,28.855786527897052,3100
Female,92,1.974898046738062,Moderate,9.1,Loading,Moderate,23.588399081178153,3870
Female,50,1.6493455707582667,High,4.6,Maintenance,Hot,18.380049949434504,2450
Male,92,1.7962289045373274,Moderate,5.9,Loading,Hot,28.514414994920692,4020
Male,113,1.6276034933329906,Low,5.1,Loading,Moderate,42.65610697333233,4405
Female,58,1.7898508699658313,Moderate,10.0,Maintenance,Hot,18.104823663615733,2530
Female,83,1.8892553813666793,Low,9.2,Loading,Moderate,23.25395118740193,3355
Male,52,1.8527280160792026,High,4.8,Loading,Hot,15.148861886776006,2820
Male,87,1.9791063798257227,Low,7.7,Maintenance,Hot,22.21165785469714,3345
Male,71,1.8207086039015232,Low,9.1,Loading,Cold,21.417928267546472,2785
Male,113,1.5493167295060948,Low,3.0,Loading,Cold,47.0758339896362,4255
Female,76,1.7530085839841032,High,7.4,Maintenance,Moderate,24.73121806707491,3210
Male,74,1.7037006031966082,Moderate,3.5,Loading,Cold,25.494421715113294,3090
